{
    "id": "Tricksaber_V2",
    "name": "Tricksabert",
    "author": "Henwill8 and Futuremappermydud",
    "description": [
        
    ],
    "category": "Gameplay",
    "gameVersion": "1.10.0",
    "version": "0.1.0",
    "platform": "Quest",
    "components": [
        {
            "type": "HookMod",
            "installAction": {
                "installLibraryFile": "libTrick.so"
            },
            "uninstallAction": {
                "removeLibraryFile": "libTrick.so"
            }
        },
        {
            "type": "FileCopyMod",
            "sourceFileName": "libbeatsaber-hook_2019_2_1f1_0_1_2.so",
            "targetRootedPathAndFileName": "/sdcard/Android/data/com.beatgames.beatsaber/files/libs/libbeatsaber-hook_2019_2_1f1_0_1_2.so"
        }
    ]
}
